title,link,image
Przestrzeń powietrzna Mołdawii naruszona. Doszło do eksplozji ,https://wiadomosci.onet.pl/swiat/przestrzen-powietrzna-moldawii-naruszona-doszlo-do-eksplozji/kxq2d3e,https://img.onet.pl/1/BRgk9lBaHR0cHM6Ly9vY2RuLmV1L3B1bHNjbXMvTURBXy81NDhhMjViZjRmZTMxYWY0MjhlZTcxNDFmZTMzM2I5YS5qcGeTlQPNAdfNA4zNEQjNCZuTBc0E2M0CNJUH2TIvcHVsc2Ntcy9NREFfLzI3NGMxZDY0NjcwODJjM2U2ZGZlOWQwOWY0YTZkZjZiLnBuZwDCAN4AAqEwB6ExBA
25-letni Jakub z Łęcznej nie żyje. Ojciec jego przyjaciela oblał go benzyną,https://www.fakt.pl/wydarzenia/polska/lublin/leczna-w-zalobie-zmarl-25-letni-jakub-podpalony-przez-bylego-zolnierza-wot/2dtrzf8,https://img.onet.pl/1/-9Hk9lGaHR0cHM6Ly9vY2RuLmV1L3B1bHNjbXMvTURBXy9mNDY4NjhjNS05YWQyLTQ1YjctYjdlYi0xMjdjMDM2ZDllNWUuanBlZ5GTBc0CWM0BUN4AAqEwB6ExBA
Polacy o konflikcie między rządem a prezydentem. Wyniki sondażu,https://wiadomosci.onet.pl/kraj/tak-polacy-oceniaja-konflikt-polityczny-kontekscie-bezpieczenstwa-sondaz/ej2ddvg,https://img.onet.pl/1/zfPk9lBaHR0cHM6Ly9vY2RuLmV1L3B1bHNjbXMvTURBXy83NzQyODhjMmJhYzdkMDYwMDAwNjYyYjMwMGE4NDQzYy5qcGeSlQMCAM0GPM0DhJMFzQJYzQFQ3gACoTAHoTEE
Zamach na pokładzie flydubai. Na jaw wychodzą nowe fakty,"https://www.onet.pl/turystyka/onetpodroze/probowal-doprowadzic-do-katastrofy-pilot-flydubai-mial-zakaz-latania/46vc2gz,07640b54",https://img.onet.pl/1/JfAk9lGaHR0cHM6Ly9vY2RuLmV1L3B1bHNjbXMvTURBXy8zZWRiYmQ0Yy0xMzQzLTQyNzEtYmU3ZS1kZGIwNzBkMWNkNjYuanBlZ5KVAwDM-80TBs0KupMFzQJYzQFQ3gACoTAHoTEE
Dlatego aż 19 błędów Świątek z 244. rakietą świata to... pozytyw,"https://www.onet.pl/sport/przeglad-sportowy/francisco-roig-wskazal-droge-idze-swiatek-zmiany-widac-jak-na-dloni/b2gb8x6,4da7d3a7",https://img.onet.pl/1/DpIk9lBaHR0cHM6Ly9vY2RuLmV1L3B1bHNjbXMvTURBXy8wNWM3YzdmZmU5ZjJmNjI2MjU3NjMyYWJkZTY3NmYyMS5qcGeSlQMAzIbNElzNClqTBc0CWM0BUN4AAqEwB6ExBA
W sieci śledzi go 650 tys. osób. Kobiety piszą do kościelnej komisji,https://wiadomosci.onet.pl/kraj/zdradza-co-robil-popularny-ksiadz-influencer-bylam-osaczona/x26kzp6,https://img.onet.pl/1/J0Qk9lBaHR0cHM6Ly9vY2RuLmV1L3B1bHNjbXMvTURBXy9mMjBhNjhkOTQ0YjdjNzJlZjUxNzkyMGMwMmU3Mjc4My5wbmeSlQMCAM0He80EOJMFzL523gACoTAHoTEE
Polacy kupili w Grecji dom 50 m od morza. Z tym mierzy się polska para,"https://www.onet.pl/turystyka/fakt/polacy-kupili-dom-50-m-od-morza-w-grecji-rano-przezyli-szok/wk0qxkv,e763a960",https://img.onet.pl/1/uzIk9lGaHR0cHM6Ly9vY2RuLmV1L3B1bHNjbXMvTURBXy9iYWMwYmU4Yi04ZjFmLTRjMzUtYjFmZi02NzE3YzA2MjMzYTguanBlZ5GTBcy-dt4AAqEwB6ExBA
"Nie żyje Anatolij Kaszpirowski. Telewizyjny ""uzdrowiciel"" miał 87 lat",https://wiadomosci.onet.pl/swiat/nie-zyje-anatolij-kaszpirowski-telewizyjny-znachor-mial-87-lat/bpky25g,https://img.onet.pl/1/Allk9lBaHR0cHM6Ly9vY2RuLmV1L3B1bHNjbXMvTURBXy84YWZhYTI0ZTA5YWQ5NTM2YjMyNzAyMmVmNDFhOWExMC5qcGeSlQMAac0H0M0EaJMFzL523gACoTAHoTEE
Nie groźby nuklearne powinny martwić NATO. Putin mówił coś gorszego,"https://www.onet.pl/informacje/newsweek/nie-grozby-nuklearne-powinny-martwic-nato-putin-powiedzial-cos-gorszego/8zcpctr,452ad802",https://img.onet.pl/1/SiQk9lGaHR0cHM6Ly9vY2RuLmV1L3B1bHNjbXMvTURBXy9kZTEzOTJhZS1hMTVjLTQ4YmMtYjg0Zi1hNTk1ZDUzMjFjYjQuanBlZ5GTBcy-dt4AAqEwB6ExBA
Morawiecki krytykuje PiS. Chodzi o wydawanie miliardów,https://businessinsider.com.pl/gospodarka/mateusz-morawiecki-ostrzega-przed-kryzysem-finansow-publicznych/w0zwzk7,https://img.onet.pl/1/Jlek9lBaHR0cHM6Ly9vY2RuLmV1L3B1bHNjbXMvTURBXy8yZjBiZjk0ODhkMmM1MTY1YTc1ZTVkNTVlOGQzMjAxNC5qcGeSlQMAzILNB9DNBGiTBcy-dt4AAqEwB6ExBA
"Gwałtowne załamanie pogody blisko. Wiemy, kiedy mocno się ochłodzi",https://wiadomosci.onet.pl/pogoda/jest-dokladna-data-zalamania-pogody-tego-dnia-zrobi-sie-zimno-i-deszczowo/6pff4ly,https://img.onet.pl/1/7vuk9lBaHR0cHM6Ly9vY2RuLmV1L3B1bHNjbXMvTURBXy8wYmZhMDBmN2U2MzkxMzliNDk0ZmJkNTE4NjEyYzQ0OS5wbmeSlQMCAM0He80EOJMFzL523gACoTAHoTEE
"Media: haker, który wykradł dane medyczne nie chce okupu",https://businessinsider.com.pl/gospodarka/haker-ktory-zszokowal-polske-nie-chce-pieniedzy-prawdopodobnie-to-polak/gf5mr11,https://img.onet.pl/1/4sgk9lBaHR0cHM6Ly9vY2RuLmV1L3B1bHNjbXMvTURBXy85NGM4MzAzMWE4NDdhZWE3ODZiMWUwMDIzMjRmZTRmMC5qcGeSlQMAzQGozSBAzRIvkwXMvnbeAAKhMAehMQQ
"Francja i Hiszpania już ""witają z powrotem"" Wielką Brytanię w UE",https://wiadomosci.onet.pl/politico/francja-i-hiszpania-witaja-z-powrotem-brytyjczykow-w-ue-bruksela-reaguje/blp5lcc,https://img.onet.pl/1/stHk9lBaHR0cHM6Ly9vY2RuLmV1L3B1bHNjbXMvTURBXy85ZmQyZDkxYjY3NzI4NjhjZWFlNGEwMzdhMDZlMGNlOC5wbmeSlQPNBPvNAabNAlDNApKTBc0CWM0CRN4AAqEwB6ExBA
Na tych autach traci się najwięcej. Najszybciej tracą na wartości,"https://www.onet.pl/motoryzacja/autoswiat/ktore-auta-najlepiej-trzymaja-wartosc-znamy-mistrza-wartosci-2026/wnb75bm,2ce17997",https://img.onet.pl/1/TOPk9lBaHR0cHM6Ly9vY2RuLmV1L3B1bHNjbXMvTURBXy85N2FlMmE0NjJjNzJhOGQ4YzhmNTczNzAxODAyNjQ0NS5wbmeSlQMTMs0DNc0DkZMFzQJYzQJE3gACoTAHoTEE
"Polska ma być celem Rosji. Tak może wyglądać ""kampania zimowa""",https://businessinsider.com.pl/gospodarka/rosja-szykuje-kampanie-zimowa-oto-szczegoly-analiza/jmmd2cn,https://img.onet.pl/1/x3Pk9lBaHR0cHM6Ly9vY2RuLmV1L3B1bHNjbXMvTURBXy8zYzE3NDg4M2MyOGRhOWE2OWJmMzMxOTIyYTVhOGJjNS5qcGeSlQPNAwgBzQPLzQQ3kwXNAljNAkTeAAKhMAehMQQ
Oto konsekwencje wysokiej wygranej Polaków. Przepisy UEFA są jasne,https://przegladsportowy.onet.pl/pilka-nozna/reprezentacja-polski/oto-konsekwencje-wysokiej-wygranej-polakow-przepisy-uefa-sa-jasne/j87npnm,https://img.onet.pl/1/ZmSk9lGaHR0cHM6Ly9vY2RuLmV1L3B1bHNjbXMvTURBXy9lMGFhMDJmNC02MDgyLTRmZTYtOGUzMi0wZTE3N2RmNzBjOTIuanBlZ5OVAwDMl80TIM0KwpMFzQTYzQI0lQfZMi9wdWxzY21zL01EQV8vMjc0YzFkNjQ2NzA4MmMzZTZkZmU5ZDA5ZjRhNmRmNmIucG5nAMIA3gACoTAHoTEE
Pokazała jasnowidzom zdjęcie dziadka i zmyślonej córki. Przeżyła szok,"https://www.onet.pl/turystyka/national-geographic-polska/zmyslilam-corke-i-dalam-zdjecie-dziadka-jasnowidzowi-oto-co-uslyszalam-za-350-zl/g9yhmyb,30bc1058",https://img.onet.pl/1/4EBk9lBaHR0cHM6Ly9vY2RuLmV1L3B1bHNjbXMvTURBXy9kZDJjOGNlNGNlNWRkYTBhNjkyMjk3NjA1YTk4YmU5OS5qcGeSlQMAzL3NF4DNDTiTBc0CWM0BUN4AAqEwB6ExBA
Polski siatkarz zrezygnował z kadry Grbicia. Koledzy stawiają sprawę jasno,https://przegladsportowy.onet.pl/siatkowka/polski-siatkarz-zrezygnowal-z-kadry-grbicia-koledzy-stawiaja-sprawe-jasno/791sb2n,https://img.onet.pl/1/m6tk9lBaHR0cHM6Ly9vY2RuLmV1L3B1bHNjbXMvTURBXy9mYjNjZGZkNzhmNzkzNjllNzIzM2E4NTAzM2RmYzM2Mi5wbmeSlQMAAM0HgM0EOJMFzQJYzQFQ3gACoTAHoTEE
"Irlandka zamieszkała w Polsce. ""To było dla mnie trochę przerażające""","https://www.onet.pl/turystyka/onetpodroze/irlandka-zamieszkala-w-polsce-i-robi-tu-kariere-nie-zdawalam-sobie-sprawy/3c6jjpb,07640b54",https://img.onet.pl/1/ZKJk9lBaHR0cHM6Ly9vY2RuLmV1L3B1bHNjbXMvTURBXy9hMjU3MmY4YWU5YjAzNzFhZGNiYTljMTFhZWFmZWQwZS5wbmeSlQMAAM0EsM0Co5MFzQJYzQFQ3gACoTAHoTEE
Joanna Senyszyn ujawnia swoją emeryturę. Tyle dostaje na rękę,https://www.fakt.pl/pieniadze/joanna-senyszyn-ujawnia-swoja-emeryture-tyle-dostaje-na-reke/mg53jdr,https://img.onet.pl/1/2ilk9lGaHR0cHM6Ly9vY2RuLmV1L3B1bHNjbXMvTURBXy85NmVhYjExYS1mNzljLTQ2ZjYtYTMyYi1hMzA1ZDQxYTI0NGIuanBlZ5KVAwDNAx3NDq_NCEGTBc0CWM0BUN4AAqEwB6ExBA
"Amerykanka została sołtyską. Bez niej nie byłoby Lucy z ""Rancza""",https://kobieta.onet.pl/wiadomosci/soltyska-z-usa-byla-pierwowzorem-lucy-tak-potoczyly-sie-jej-losy/1c64ekw,https://img.onet.pl/1/Kkrk9lBaHR0cHM6Ly9vY2RuLmV1L3B1bHNjbXMvTURBXy85YTFkMjFhOGQ5YmVjNzUwZDk0YWVjYzE2YzFiZGE5NS5wbmeSlQMAP80IAM0EgJMFzQJYzQFQ3gACoTAHoTEE
Znany sędzia od razu wydał wyrok w sprawie czerwonej kartki Rumunów,https://przegladsportowy.onet.pl/pilka-nozna/reprezentacja-polski/znany-sedzia-natychmiast-wydal-wyrok-ws-kartki-za-faul-na-robercie-lewandowskim/qft5mx1,https://img.onet.pl/1/3Cdk9lGaHR0cHM6Ly9vY2RuLmV1L3B1bHNjbXMvTURBXy85ZmE1NjZhZC03YWQ4LTQ2MjktOGU3OC0xOWVkYjU5ZDk3YWUuanBlZ5KVA80Cxs0BbM0Gks0DspMFzQJYzQFQ3gACoTAHoTEE
"Niepokojące słowa mera Kijowa. ""Nie możemy dłużej udawać""",https://wiadomosci.onet.pl/swiat/witalij-kliczko-o-rosyjskich-atakach-na-kijow-nie-mozemy-juz-udawac/66r54kz,https://img.onet.pl/1/M-hk9lBaHR0cHM6Ly9vY2RuLmV1L3B1bHNjbXMvTURBXy9mY2QwM2RmOTMzZjlkODliNjRkMmMxNGNmMTE0ODc4NS5qcGeSlQMAzLHNFInNC42TBc0CWM0BUN4AAqEwB6ExBA
Wykształcenie Sławomira Mentzena. Możecie być zaskoczeni,"https://www.onet.pl/styl-zycia/plejada/wyksztalcenie-slawomira-mentzena-mozecie-byc-zaskoczeni/bz966c0,0898b825",https://img.onet.pl/1/9o_k9lBaHR0cHM6Ly9vY2RuLmV1L3B1bHNjbXMvTURBXy9kYzkxNTM4Yjc3MjdkYTg5MTVkYWI2MTAxMDZmYjUyMS5qcGeSlQPMhcySzQcFzQPzkwXNAljNAVDeAAKhMAehMQQ
"Wrócił do Polski po 40 latach. ""W Australii byłoby to nie do pomyślenia""","https://www.onet.pl/turystyka/onetpodroze/marek-po-40-latach-wrocil-do-polski-nie-dowierza-to-powinien-byc-standard/fx55p1q,07640b54",https://img.onet.pl/1/Sdsk9lBaHR0cHM6Ly9vY2RuLmV1L3B1bHNjbXMvTURBXy9kNDliZmIxOWY1MjZhZWQ4ZWVlZmQzMjdkNWVhMGQ2Ny5wbmeSlQMaHc0HTM0EG5MFzQJYzQFQ3gACoTAHoTEE
"Ciało Hindusa w warszawskim parku. ""Wczoraj tu przyjechał""",https://www.fakt.pl/wydarzenia/polska/warszawa/cialo-w-warszawskim-parku-na-ochocie-twarz-mial-zmasakrowana/8bl33h8,https://img.onet.pl/1/yJDk9lGaHR0cHM6Ly9vY2RuLmV1L3B1bHNjbXMvTURBXy8xM2I1NTBlYS04YWI3LTRjNmUtOWNhYy1hNGU3YjZiNjkyYWIuanBlZ5KVA8z7Hs0EWM0CcpMFzQJYzQFQ3gACoTAHoTEE
Zniknęła z polityki i zmieniła nazwisko. Tak dziś żyje żona Petru,"https://www.onet.pl/styl-zycia/plejada/joanna-schmidt-zniknela-z-polityki-tak-dzis-wyglada-i-tym-sie-zajmuje/rtq6x6c,0898b825",https://img.onet.pl/1/Vcwk9lBaHR0cHM6Ly9vY2RuLmV1L3B1bHNjbXMvTURBXy8wZjNjYjQ2NmQzYjJkNWVhNDM0ODgyMjMwYWY3N2RhOS5qcGeSlQPMxM0BJ80LUM0GXZMFzQJYzQFQ3gACoTAHoTEE
Co tam się wydarzyło? Memy po meczu Polska — Rumunia,https://przegladsportowy.onet.pl/ofsajd/co-tam-sie-wydarzylo-memy-po-meczu-polska-rumunia/7vcpd12,https://img.onet.pl/1/w-Nk9lBaHR0cHM6Ly9vY2RuLmV1L3B1bHNjbXMvTURBXy85N2NlOTRkMzc5ZTRiMTJmOTEyZWU2NGFhYzBiZjE4YS5qcGeSlQMAFs0B9M0BGZMFzQGUzQFQ3gACoTAHoTEE
Te 6 pytań zweryfikuje Twoją wiedzę. Próbujesz?,https://www.onet.pl/gry/pl/quiz,https://img.onet.pl/1/TOGk9lBaHR0cHM6Ly9vY2RuLmV1L3B1bHNjbXMvTURBXy82MjBiNDAxZTM5ZmViNzRkNDQxMzY1NzIyMTRlMzIzNC5wbmeSlQMAAM0FAM0C0JMFZGTeAAKhMAehMQQ
Na tych obrazkach jest aż osiem różnic. Widzisz je?,https://www.onet.pl/gry/pl/osiem-roznic,https://img.onet.pl/1/-_Kk9lBaHR0cHM6Ly9vY2RuLmV1L3B1bHNjbXMvTURBXy84NjJmNjQzMWRmM2ZiYTk4ZDkxMzhkZDY3MTAzZTU5ZS5wbmeSlQMAAM0FAM0C0JMFZGTeAAKhMAehMQQ
Przestrzeń powietrzna Mołdawii naruszona. Doszło do eksplozji ,https://wiadomosci.onet.pl/swiat/przestrzen-powietrzna-moldawii-naruszona-doszlo-do-eksplozji/kxq2d3e,https://img.onet.pl/1/74Yk9lBaHR0cHM6Ly9vY2RuLmV1L3B1bHNjbXMvTURBXy8yOTE3NTQ3MDMxNWIwNjMwYTE2MTVjMzAwMjY3ZTU1Zi5wbmeRkwXMvnbeAAKhMAehMQQ
Gigantyczny cios dla amerykańskiego wojska. Stracili B-2,https://www.komputerswiat.pl/nauka-i-technika/militaria/to-byla-najdrozsza-katastrofa-lotnicza-w-historii-straty-liczono-w-miliardach/msycfkq,https://img.onet.pl/1/iixk9lBaHR0cHM6Ly9vY2RuLmV1L3B1bHNjbXMvTURBXy8xY2U2MDVjNDAxOWI1NGEzMDRkYjIzYWMzYWVhMDVmZS5qcGeSlQMAC80DIM0BwpMFzQJYzQFQ3gACoTAHoTEE
Podczas jazdy próbnej uszkodził auto. Teraz ma słono zapłacić,https://www.auto-swiat.pl/ev/porady/jazda-probna-samochodem-kto-zaplaci-za-szkody-po-kolizji/czsm4vw,https://img.onet.pl/1/3gzk9lBaHR0cHM6Ly9vY2RuLmV1L3B1bHNjbXMvTURBXy9hMzJhNzU3ZjViYWE3ZDI0ZmVjNWNmMTVkYzJiZjk5ZC5qcGeSlQMAZM0MgM0HCJMFzQJYzQFQ3gACoTAHoTEE
Nie żyje Zbigniew Grabowski. Był trenerem reprezentacji Polski,https://przegladsportowy.onet.pl/zapasy/nie-zyje-zbigniew-grabowski-mial-76-lat/1c1j6vq,https://img.onet.pl/1/H9lk9lBaHR0cHM6Ly9vY2RuLmV1L3B1bHNjbXMvTURBXy8wZWVmMWU4ZDc5MTdhOTViYjlhODI3YmZmZTk3ZTUwZi5wbmeSlQPM5c0DLs0Pws0I3ZMFzQJYzQFQ3gACoTAHoTEE
Polacy nie zadowolili się samym mordem i zrównali miasteczko z ziemią,"https://www.onet.pl/informacje/wielka-historia/podreczniki-milcza-o-tym-co-napoleon-kazal-robic-polakom-wstydliwa-karta/xrj2dx6,30bc1058",https://img.onet.pl/1/MDvk9lGaHR0cHM6Ly9vY2RuLmV1L3B1bHNjbXMvTURBXy8xZWNmZTIyYy0zY2ZhLTRjOTItOTczNS0xYjRjZjAyOGZmZWIuanBlZ5KVAwDNAo7NCVPNBT6TBc0CWM0BUN4AAqEwB6ExBA
Awantura w studiu TV Republika. Prowadząca wyprosiła gościa,"https://www.onet.pl/styl-zycia/plejada/awantura-w-tv-republika-polityk-musial-opuscic-studio/8flkw1f,0898b825",https://img.onet.pl/1/Dqkk9lBaHR0cHM6Ly9vY2RuLmV1L3B1bHNjbXMvTURBXy9iMzY0ZWE3ZTA5NjMyYmU3N2I2ZDBkOTk1MTdkNzQyOS5wbmeSlQMBAM0FEM0C2ZMFzQJYzQFQ3gACoTAHoTEE
Robert Lewandowski zrobił to tuż po meczu. Wszystko nagrano,https://przegladsportowy.onet.pl/pilka-nozna/reprezentacja-polski/tak-zachowal-sie-robert-lewandowski-po-meczu-polska-rumunia/ltb8e32,https://img.onet.pl/1/KyNk9lBaHR0cHM6Ly9vY2RuLmV1L3B1bHNjbXMvTURBXy82NGU1ZTdhZmY2M2YxZjhiMDQ3NTcyZDNhMjRkYmVlNi5wbmeSlQMAAM0HgM0EOJMFzQJYzQFQ3gACoTAHoTEE
Nelli Rokita wycofała się z polityki. Tak dziś wygląda jej życie,"https://www.onet.pl/styl-zycia/plejada/co-dzis-robi-nelli-rokita-dawna-poslanka-zniknela-z-zycia-publicznego/4fqpwq6,0898b825",https://img.onet.pl/1/TXMk9lBaHR0cHM6Ly9vY2RuLmV1L3B1bHNjbXMvTURBXy81YThlMTVhZDg4MDlmNjk5YzcyZWRmMTUwMTg3OTI0MC5qcGeSlQMAzQEFzQrzzQYnkwXNAljNAVDeAAKhMAehMQQ
"Sześć pozycji, sześć osobowości. Którym typem jesteś?","https://www.onet.pl/styl-zycia/ofeminin/jak-siadasz-na-krzesle-twoja-postawa-zdradza-prawde-o-tobie/x7d9r2e,7765eaf2",https://img.onet.pl/1/5kek9lBaHR0cHM6Ly9vY2RuLmV1L3B1bHNjbXMvTURBXy9kNGU4MWQ5NDY3OGQxNTA4NjYzOWUyNGExNjdjY2Q2ZS5wbmeSlQMADs0GAM0DYJMFzQJYzQFQ3gACoTAHoTEE
Upadek Vitala Heynena. Z tą kadrą nie było tak źle od lat,https://przegladsportowy.onet.pl/siatkowka/upadek-vitala-heynena-z-ta-kadra-nie-bylo-tak-zle-od-lat/6yllh0m,https://img.onet.pl/1/mBpk9lBaHR0cHM6Ly9vY2RuLmV1L3B1bHNjbXMvTURBXy82ZmE0YWJjOGU0M2I0ZTc5MzFkNjZjMWUwZjM2OTcyMy5qcGeSlQPNBNbM880Jgs0FWJMFzL523gACoTAHoTEE
"""Jedna wyjeżdżała, druga lądowała"". Polka o tym, co widziała w Egipcie","https://www.onet.pl/turystyka/onetpodroze/marta-mieszka-od-20-lat-w-egipcie-habibi-to-pulapka-tak-nabieraja-sie-polki/r206j4c,07640b54",https://img.onet.pl/1/0Zok9lBaHR0cHM6Ly9vY2RuLmV1L3B1bHNjbXMvTURBXy9iODY1MmE0MzZmNGIxOGZlMDFkN2I2MzZmZmI3NDdmNS5qcGeTlQPMrM0CY80EFs0CTJMFzQTYzQI0lQfZMi9wdWxzY21zL01EQV8vMjc0YzFkNjQ2NzA4MmMzZTZkZmU5ZDA5ZjRhNmRmNmIucG5nAMIA3gACoTAHoTEE
"Burza po ""Kuchennych rewolucjach"". Właściciele restauracji reagują","https://www.onet.pl/styl-zycia/plejada/burza-po-kuchennych-rewolucjach-wlasciciele-lokalu-reaguja-na-hejt/szv0rtg,0898b825",https://img.onet.pl/1/0KZk9lBaHR0cHM6Ly9vY2RuLmV1L3B1bHNjbXMvTURBXy80MjZkMWI4ZGU4NzVkYWYzM2QwYTgxYTI5ZGMzNmU0NC5qcGeSlQPNBxrNAQvNC8rNBqKTBc0CWM0BUN4AAqEwB6ExBA
Trump zmienia zdanie. Przydacz o bazach USA. Podsumowanie nocy,https://wiadomosci.onet.pl/swiat/donald-trump-zmienia-zdanie-ceny-paliw-poszly-w-dol-podsumowanie-nocy/chx2wf1,https://img.onet.pl/1/Okmk9lBaHR0cHM6Ly9vY2RuLmV1L3B1bHNjbXMvTURBXy9jZTM4NDY3Y2NlYzQ5M2M5NzA3OWY5NGEzOTU2NzViNC5wbmeSlQMAAM0HgM0EOJMFzQJYzQFQ3gACoTAHoTEE
Grzali mieszkanie klimatyzacją przy -20 st. C. Sprawdzili rachunek,"https://www.onet.pl/biznes/wysokie-napiecie/grzalismy-mieszkanie-klimatyzacja-przy-20-st-c-sprawdzamy-rachunek-za-prad/p7zml3d,0666d3f1",https://img.onet.pl/1/410k9lBaHR0cHM6Ly9vY2RuLmV1L3B1bHNjbXMvTURBXy8wYWRhYWI0ODc1MGM0NWI1YmU0N2JjNmRiY2QxZTI4Mi5qcGeSlQMAzKDNFlDNDI2TBc0CWM0BUN4AAqEwB6ExBA
"Co zrobić, gdy na drodze spotkamy dzika? To może uratować ci życie","https://www.onet.pl/styl-zycia/fajnyzwierzak-2/jak-przezyc-spotkanie-z-dzikiem-tego-nigdy-nie-rob/brmxbqs,0666d3f1",https://img.onet.pl/1/Z7ik9lGaHR0cHM6Ly9vY2RuLmV1L3B1bHNjbXMvTURBXy8wODM1YWZkYy0yYWMxLTQ0NTgtODQ5Yy03MjI0NjU3NWQ1YjEuanBlZ5KVAwDMgs0QwM0JbJMFzQJYzQFQ3gACoTAHoTEE
Wideo z ostatniego wieczoru syna Crawford. W takim stanie był przed śmiercią,"https://www.onet.pl/styl-zycia/plejada/wideo-z-ostatniego-wieczoru-syna-cindy-crawford-w-takim-stanie-byl-przed-smiercia/hr2h1j9,0898b825",https://img.onet.pl/1/KqIk9lBaHR0cHM6Ly9vY2RuLmV1L3B1bHNjbXMvTURBXy85ZDBlNTBkYjdmMmEyMjYyYjc1YmMxYjQ2NjNjN2YxYi5qcGeSlQMAAM0GaM0DmpMFzQJYzQFQ3gACoTAHoTEE
Najwyższa estakada w Polsce rośnie na S19. Filary mają 80 m,"https://www.onet.pl/styl-zycia/whitemad/powstaje-najwyzsza-estakada-w-polsce-to-czesc-via-carpatia/0zesmsj,30bc1058",https://img.onet.pl/1/gXJk9lBaHR0cHM6Ly9vY2RuLmV1L3B1bHNjbXMvTURBXy9iYWY3ZDg5NzEyODUzMzJmM2Y5MzZmYmVlY2M5ZWE0OS5qcGeSlQNDAM0ETs0CbJMFzQGUzQFQ3gACoTAHoTEE
"WYWIAD Mateusz Morawiecki ostro o PiS. ""Pieniądze nie biorą się z bankomatu""","https://www.onet.pl/biznes/businessinsider/mateusz-morawiecki-ostrzega-przed-kryzysem-finansow-publicznych/w0zwzk7,211f4564",https://img.onet.pl/1/kA3k9lBaHR0cHM6Ly9vY2RuLmV1L3B1bHNjbXMvTURBXy8yZjBiZjk0ODhkMmM1MTY1YTc1ZTVkNTVlOGQzMjAxNC5qcGeSlQMAzITNB9DNBGOTBcy-dt4AAqEwB6ExBA
Ten płyn za 9 zł wypala kurzajki i brodawki. Likwiduje też odciski i modzele  ,https://kobieta.onet.pl/uroda/ten-plyn-za-9-zl-wypala-kurzajki-i-brodawki-likwiduje-tez-odciski-i-modzele/8gy30k4,https://img.onet.pl/1/ZUsk9lBaHR0cHM6Ly9vY2RuLmV1L3B1bHNjbXMvTURBXy9lNWU4MDVkYWM1ZDkwOGVmODE1MDU4MGQ3ZDUzZGU4Zi5qcGeSlQMAzQFFzRhgzQ22kwXNAljNAVDeAAKhMAehMQQ
"Wystarczy ten prosty sposób, a dziki już nigdy nie wejdą do twojego ogrodu. “Genialne”","https://www.onet.pl/styl-zycia/onetfacet/wystarczy-ten-prosty-sposob-a-dziki-juz-nigdy-nie-wejda-do-twojego-ogrodu-genialne/x6rwmfl,86cd1308",https://img.onet.pl/1/QhGk9lBaHR0cHM6Ly9vY2RuLmV1L3B1bHNjbXMvTURBXy85MmI2ZGE0ODVhNGQzNWRiYTkzNDVjYzgyMjBiNzU5Yi5qcGeSlQMAP80EsM0Co5MFzQJYzQFQ3gACoTAHoTEE
Nowe Audi to istny majstersztyk! Niemcy zaskoczyli wszystkich,https://www.newsweek.pl/trendy-i-inspiracje/motoryzacja/najnowsze-audi-q7-sprawdzamy-wyposazenie-silniki-i-ceny/j5jrpql,https://img.onet.pl/1/bEvk9lBaHR0cHM6Ly9vY2RuLmV1L3B1bHNjbXMvTURBXy8wMmIyODRkZGYyNWZhMTI2YjY4OTMyYWQ5NWZmMGRiMi5qcGeSlQPNA6fNBBvNC-bNBrKTBc0CWM0BUN4AAqEwB6ExBA
Ekran tego smartfona to prawdziwy majstersztyk. Bateria wytrzyma nawet 3 dni użytkownika,"https://www.onet.pl/styl-zycia/onetfacet/ekran-tego-smartfona-to-prawdziwy-majstersztyk-bateria-wytrzyma-nawet-3-dni/0j9dkwy,86cd1308",https://img.onet.pl/1/HL0k9lBaHR0cHM6Ly9vY2RuLmV1L3B1bHNjbXMvTURBXy9iNDgzMjRiNThhYmI0NTg3Y2QwZDY5NmYyYzk1NTg4Ny5qcGeSlQPMz0vNA53NAe-TBc0CWM0BUN4AAqEwB6ExBA
"Ten tani SUV deklasuje rywali na starcie. Ma wszystko, czego potrzebują Polacy",https://www.auto-swiat.pl/wiadomosci/aktualnosci/suv-gwm-ora-5-kosztuje-teraz-od-109-tys-zl-do-wyboru-benzyna-lub-hybryda/lbeqxsg,https://img.onet.pl/1/Eo8k9lBaHR0cHM6Ly9vY2RuLmV1L3B1bHNjbXMvTURBXy8zNWQ4Mjc2ODNkMzY0NjQ1MGUwZTE0YmIwMGI5ZTA3NC5qcGeSlQPMksyXzQZlzQOZkwXNAljNAVDeAAKhMAehMQQ
Majsterkowicze rzucili się na ten sklep. Ceny elektronarzędzi to nie pomyłka,https://gazetkarnia.pl/go/dni-mojego-domu,https://img.onet.pl/1/HKtk9lBaHR0cHM6Ly9vY2RuLmV1L3B1bHNjbXMvTURBXy81ZjJiNDZkZTU1ZGZlMjM5ZGRiMzA0MjI3NGE4ZWJmZi5qcGeSlQPNBuDNArbNER_NCaOTBc0CWM0BUN4AAqEwB6ExBA
Quiz o gadżetach z PRL. Uda ci się zdobyć chociaż 18/20?,https://www.komputerswiat.pl/mobile/gadzety/ile-pamietasz-o-sprzetach-z-prl-u-1220-to-dobry-wynik/h337x64,https://img.onet.pl/1/l6vk9lBaHR0cHM6Ly9vY2RuLmV1L3B1bHNjbXMvTURBXy83NmFjM2VmMjIxYjExZWVhZjUzMzg1YTE3MGE2N2YwMi5wbmeTlQMAAM0HgM0EOJMFzQTYzQI0lQfZMi9wdWxzY21zL01EQV8vMjc0YzFkNjQ2NzA4MmMzZTZkZmU5ZDA5ZjRhNmRmNmIucG5nAMIA3gACoTAHoTEE
Media: Włosi mścili się na Polakach w Italii. Zmowa. Tak się zachowali,https://przegladsportowy.onet.pl/pilka-nozna/reprezentacja-polski/media-wlosi-zemscili-sie-na-polakach-w-italii-zmowa-tak-sie-zachowali/2se556f,https://img.onet.pl/1/J38k9lBaHR0cHM6Ly9vY2RuLmV1L3B1bHNjbXMvTURBXy85MzM5ZGVmYjMxNDVkZDIxZjg2ZWUyYmYyMWI5MmFhOC5qcGeSlQPNAsU8zQb1zQPqkwXNAljNAVDeAAKhMAehMQQ
"Po wojnie w ZSRR policzyli straty w tej bitwie. ""Nikomu nie pokazywać""","https://www.onet.pl/informacje/newsweek/najwieksze-bledy-tyranow-stalin-uwierzyl-we-wlasna-mitologie/x50z65h,452ad802",https://img.onet.pl/1/TUlk9lBaHR0cHM6Ly9vY2RuLmV1L3B1bHNjbXMvTURBXy9iZmQ5MWEwODM1MzE1Yzk2NDcyNzAzMjViM2MyZWU1Zi5qcGeSlQMCzQE4zRNazQrlkwXNAljNAVDeAAKhMAehMQQ
Kiedyś były na każdym weselu. Dzisiaj nikt już ich nie chce,"https://www.onet.pl/styl-zycia/ofeminin/najwiekszy-weselny-hit-odchodzi-do-lamusa-teraz-to-juz-troche-wstyd/wq6vfpz,7765eaf2",https://img.onet.pl/1/-tfk9lBaHR0cHM6Ly9vY2RuLmV1L3B1bHNjbXMvTURBXy8xZTEwZWFjMzYzMjYzMGEyNDZiOTE5M2QwMWNhZjIzMy5qcGeSlQMAes0PHs0IgJMFzQJYzQFQ3gACoTAHoTEE
Napastowanie w warszawskim sklepie. 20-latka uciekła na zaplecze,https://kobieta.onet.pl/wiadomosci/napastowanie-w-warszawskim-sklepie-20-latka-uciekla-na-zaplecze/sz800yw,https://img.onet.pl/1/3pQk9lBaHR0cHM6Ly9vY2RuLmV1L3B1bHNjbXMvTURBXy84ZjJlNDM5NGZkZDIwMDdlNzc0MjhhMWVkMzczNzgyYi5qcGeSlQMAbc0OEM0H6ZMFzQJYzQFQ3gACoTAHoTEE
Te ptaki pozostają w Polsce na zimę. Czy potrafisz je rozpoznać? [QUIZ],"https://www.onet.pl/styl-zycia/fotoczaty/te-ptaki-pozostaja-w-polsce-na-zime-czy-potrafisz-je-rozpoznac-quiz/s46g7bb,30bc1058",https://img.onet.pl/1/alok9lBaHR0cHM6Ly9vY2RuLmV1L3B1bHNjbXMvTURBXy8zNGQ4YjY4ZDFlZTJkZTQ5MGYzMGJmYWM2MmQzNjdhNC5qcGeSlQMAzLjNB4DNBDiTBc0CWM0BUN4AAqEwB6ExBA
Czy seniorzy powinni pić mleko? Eksperci obalili popularny mit,"https://www.onet.pl/styl-zycia/ofeminin/mleko-w-diecie-seniora-eksperci-radza-kiedy-warto-po-nie-siegac/pvm6he7,7765eaf2",https://img.onet.pl/1/jzuk9lBaHR0cHM6Ly9vY2RuLmV1L3B1bHNjbXMvTURBXy84MDg5ZWI1Zjg1YzI1OTdiMzlkMTNlNTFiZDgwZjAzNC5qcGeSlQMAzKLNFB3NC1OTBc0CWM0BUN4AAqEwB6ExBA
"PiS rusza po ludzi Morawieckiego. ""Zacznie mu się to rozlatywać""",https://wiadomosci.onet.pl/tylko-w-onecie/jaroslaw-kaczynski-wyczul-slabosc-mateusza-morawieckiego-trwa-wojna-psychologiczna/gthsve6,https://img.onet.pl/1/PRNk9lBaHR0cHM6Ly9vY2RuLmV1L3B1bHNjbXMvTURBXy85MWI2MzFlMjcyNmJhZjllYWQzMzVmMmZkY2Y1YmFhOS5qcGeTlQMAzPrNEsnNCpiTBc0E2M0CNJUH2TIvcHVsc2Ntcy9NREFfLzI3NGMxZDY0NjcwODJjM2U2ZGZlOWQwOWY0YTZkZjZiLnBuZwDCAN4AAqEwB6ExBA
Tak wygląda aktualny ranking WTA po triumfie Igi Świątek,https://przegladsportowy.onet.pl/tenis/zwyciestwo-swiatek-a-w-rankingu-wta-potezny-minus-oto-powod/vcwentv,https://img.onet.pl/1/pOGk9lBaHR0cHM6Ly9vY2RuLmV1L3B1bHNjbXMvTURBXy9iZTY1MDk1MzZjMzE3NTkyM2QxNzBjZTk2YzgxYWJhYS5wbmeSlQPM2M0BBM0PPM0IkpMFzQJYzQFQ3gACoTAHoTEE
Panna młoda zaskoczyła męża tańcem. Internauci zachwyceni jej występem,"https://www.onet.pl/styl-zycia/ofeminin/nagranie-z-wesela-podbija-siec-taniec-panny-mlodej-hitem-youtube/xdms90j,7765eaf2",https://img.onet.pl/1/ZQWk9lBaHR0cHM6Ly9vY2RuLmV1L3B1bHNjbXMvTURBXy8wOGYyMTVkYzhiYjRmMjkxOGJkNzgyZGExNzA3M2FjNS5wbmeSlQMAAM0HgM0EOJMFzQJYzQFQ3gACoTAHoTEE
Dom pod Jodłami przy Grunwaldzkiej. Od lat ma swoje tajemnice,"https://www.onet.pl/styl-zycia/trojmiastopl/tajemnice-domu-pod-jodlami-upodobali-ja-sobie-rzeznicy/k3hrv90,0666d3f1",https://img.onet.pl/1/N_hk9lBaHR0cHM6Ly9vY2RuLmV1L3B1bHNjbXMvTURBXy8xYjEwNzczMThmMDU5NmZlNDY1ZWFmYmY2NmEwMzBlYy5qcGeSlQMADs0F2c0DSpMFzQJYzQFQ3gACoTAHoTEE
CPK zmieni Warszawę. A2 nie wystarczy,"https://www.onet.pl/informacje/miejski-reporter/cpk-a-przyszlosc-stolicy-warszawe-czeka-systemowa-przebudowa/tkryy39,0666d3f1",https://img.onet.pl/1/I9_k9lGaHR0cHM6Ly9vY2RuLmV1L3B1bHNjbXMvTURBXy9iZGNjM2FhYy01YTA2LTRjN2ItODZmMi1hMDBjYWViM2EwMWMuanBlZ5KVAwDMws0GQM0DhJMFzL523gACoTAHoTEE
"""18 lat temu wyjechałem do USA. Dziś nie wróciłbym za nic""","https://www.onet.pl/turystyka/onetpodroze/przeprowadzilem-sie-do-usa-18-lat-temu-wyglada-na-to-ze-w-brytania-czeka-na-smierc/59g5xxs,07640b54",https://img.onet.pl/1/byKk9lBaHR0cHM6Ly9vY2RuLmV1L3B1bHNjbXMvTURBXy9iODY0NWVkMTA5YzIyMmExNGFhMWRkYmJmNDQ5MzVkNC5wbmeTlQNhBc0DEM0BuZMFzQTYzQI0lQfZMi9wdWxzY21zL01EQV8vMjc0YzFkNjQ2NzA4MmMzZTZkZmU5ZDA5ZjRhNmRmNmIucG5nAMIA3gACoTAHoTEE
AI może wymknąć się spod kontroli. Badacze wskazują ryzyka,https://www.komputerswiat.pl/nauka-i-technika/sztuczna-inteligencja/ai-i-koniec-ludzkosci-najbardziej-prawdopodobne-drogi-naszej-zaglady/w9pehmj,https://img.onet.pl/1/E9kk9lBaHR0cHM6Ly9vY2RuLmV1L3B1bHNjbXMvTURBXy81YTUzZGM2OGM2MTJhNDc0OGI5YmIxZTJlODM4MjRlYS5qcGeSlQMAAM0HgM0EOJMFzQJYzQFQ3gACoTAHoTEE
"Polak nie dostał się do Legii Cudzoziemskiej. ""To była dla mnie tragedia""","https://www.onet.pl/kultura/bellona/polak-nie-dostal-sie-do-legii-cudzoziemskiej-to-byla-dla-mnie-tragedia/yksllwt,30bc1058",https://img.onet.pl/1/4r5k9lBaHR0cHM6Ly9vY2RuLmV1L3B1bHNjbXMvTURBXy8yMWFhMjNlOWE5ZWJkMDI2ZjRlOTAzYmM2MmU0ZDFmZS5wbmeSlQMAOc0CXs0BVZMFzQJYzQFQ3gACoTAHoTEE
"Radość w rządzie po decyzji Nawrockiego. ""Potężnie się wygłupili""","https://www.onet.pl/informacje/newsweek/nawrocki-podpisal-tusk-triumfuje-z-nim-trzeba-cisnac-na-maksa/p8kk9tf,452ad802",https://img.onet.pl/1/JrUk9lBaHR0cHM6Ly9vY2RuLmV1L3B1bHNjbXMvTURBXy82ZGMxZWEwNDY2NTI5NjY2NzY0ZWFhYjgyNGE4MTZiYy5qcGeSlQMAOs0TtM0LFZMFzQJYzQFQ3gACoTAHoTEE
"Afera w Poznaniu na kilka milionów złotych. Pies urzędnika ""zjadł akta""",https://wiadomosci.onet.pl/poznan/poznan-wazny-urzednik-tlumaczy-sie-z-zagubionych-akt-moze-zjadl-je-moj-pies/5bhsbf9,https://img.onet.pl/1/wsMk9lBaHR0cHM6Ly9vY2RuLmV1L3B1bHNjbXMvTURBXy8zYzBiOTI1Yjk4M2Q2ZWExMGY0OTI2MjVjODc1NGU4Ni5qcGeSlQMAzQFBzRhgzQ2_kwXNAljNAVDeAAKhMAehMQQ
"Atak na ""rosyjską Paris Hilton"". Przeciek ujawnił jej kontakty z Kremlem","https://www.onet.pl/informacje/nowaeuropawschodnia/atak-na-rosyjska-paris-hilton-przeciek-ujawnil-jej-kontakty-z-kremlem/2kg20nk,30bc1058",https://img.onet.pl/1/3Enk9lBaHR0cHM6Ly9vY2RuLmV1L3B1bHNjbXMvTURBXy80YWU2NThmNWMyMWMxODE4YWJjZjkzYjhlYThmMjUyOS5qcGeSlQMCzQJxzRSWzQuWkwXNAljNAVDeAAKhMAehMQQ
"To najlepsze SUV-y, jakie można kupić i jeden, którego nie polecam","https://www.onet.pl/motoryzacja/autoswiat/najlepsze-suv-y-jakie-mozna-kupic-i-jeden-ktorego-nikomu-nie-polecam/hzgqy2w,2ce17997",https://img.onet.pl/1/ekrk9lBaHR0cHM6Ly9vY2RuLmV1L3B1bHNjbXMvTURBXy9mNzFhZWNjYTU0MzdkNGVhMjU5YTFhNWY0MDdlMDczZS5wbmeSlQMCAM0He80EOJMFzQJYzQFQ3gACoTAHoTEE
"Pływający ""pancerny bubel"". Najgorszy okręt w historii",https://www.komputerswiat.pl/nauka-i-technika/militaria/plywajacy-pancerny-bubel-najgorszy-okret-wojenny-w-historii-sam-sie-podtapial/63vqqtf,https://img.onet.pl/1/M_ck9lBaHR0cHM6Ly9vY2RuLmV1L3B1bHNjbXMvTURBXy9jM2E2YWFiZGJhODk0MmJlOGJjNzlmOTljYTFjZjdiYy5qcGeSlQMZcs0E1c0CuJMFzQJYzQFQ3gACoTAHoTEE
Co jest zdrowsze do picia: kefir czy maślanka? Wyjaśniamy,https://zywienie.medonet.pl/produkty-spozywcze/napoje/kefir-czy-maslanka-wyjasniamy-ktory-napoj-lepiej-dziala-na-jelita/1ep9f8e,https://img.onet.pl/1/iEYk9lBaHR0cHM6Ly9vY2RuLmV1L3B1bHNjbXMvTURBXy80YTRmMWZkYTNlNGUxNWY1ZGM4OGMzMGNjMjVmZTUzNS5qcGeTlQPMwljNDXbNB5KTBc0E2M0CNJUH2TIvcHVsc2Ntcy9NREFfLzI3NGMxZDY0NjcwODJjM2U2ZGZlOWQwOWY0YTZkZjZiLnBuZwDCAN4AAqEwB6ExBA
"Zwrot akcji po wizycie Książula. ""To mnie najbardziej przeraziło""","https://www.onet.pl/styl-zycia/plejada/zwrot-akcji-w-ewa-zaprasza-po-wizycie-ksiazula-to-mnie-najbardziej-przerazilo/g792zvf,0898b825",https://img.onet.pl/1/fvFk9lBaHR0cHM6Ly9vY2RuLmV1L3B1bHNjbXMvTURBXy8xYzE2MDE2ODhjNDFmZWFhZmY1Y2I5MmFhZGM3NmNiOS5wbmeSlQMAAM0HgM0EOJMFzQJYzQFQ3gACoTAHoTEE
Premier pokazał nagranie sprzed Belwederu. Pałac Prezydencki reaguje,https://wiadomosci.onet.pl/kraj/premier-pokazal-nagranie-sprzed-belwederu-palac-prezydencki-reaguje/q5e2593,https://img.onet.pl/1/47-k9lBaHR0cHM6Ly9vY2RuLmV1L3B1bHNjbXMvTURBXy84NGU5ZDQzNzg5NDkzZmZlYTc5ZGE5MWY1NDI1OGYxMS5wbmeSlQMAAM0HgM0EOJMFzQJYzQFQ3gACoTAHoTEE
Tak Iga Świątek zareagowała po meczu. Jej wpis przykuł uwagę fanów,https://przegladsportowy.onet.pl/ofsajd/iga-swiatek-zabrala-glos-po-meczu-wpis-zwrocil-uwage-fanow/xnpnzgw,https://img.onet.pl/1/ThKk9lBaHR0cHM6Ly9vY2RuLmV1L3B1bHNjbXMvTURBXy9hM2ZhYWEyYmM5OWMzNmE2OTU3ZmEzZDY5ZGRiN2RjOS5qcGeSlQMEFc0M2c0HOpMFzQJYzQFQ3gACoTAHoTEE
Masz dość wysokich opłat za wodę? 6 sposobów na niższe rachunki,https://gratka.pl/blog/masz-dosc-wysokich-oplat-za-wode-6-sposobow-na-nizsze-rachunki/?utm_source=rasp&utm_medium=onet-widget-hp&utm_campaign=oszczedzanie_wody,https://img.onet.pl/1/ZWfk9lBaHR0cHM6Ly9vY2RuLmV1L3B1bHNjbXMvTURBXy82NmZlMDcxOWFkYWRkMjgzNzcwZDhkYjYxYTVlNzQxYi5qcGeRkwXNAljNAVDeAAKhMAehMQQ
Co to jest zachowek?,https://gratka.pl/blog/co-to-jest-zachowek/?utm_source=rasp&utm_medium=onet-widget-hp&utm_campaign=zachowek,https://img.onet.pl/1/ciRk9lBaHR0cHM6Ly9vY2RuLmV1L3B1bHNjbXMvTURBXy82NmU1YWMxNGM5ZDYyMGUyNjYzZmJmZDhmNjIyYTcxNi5wbmeRkwXNAljNAVDeAAKhMAehMQQ
OC najemcy lokalu – kto za nie płaci i czy się opłaca?,https://gratka.pl/blog/oc-najemcy-lokalu-kto-za-nie-placi-i-czy-sie-oplaca/?utm_source=rasp&utm_medium=onet-widget-hp&utm_campaign=oc_najemcy,https://img.onet.pl/1/DMJk9lBaHR0cHM6Ly9vY2RuLmV1L3B1bHNjbXMvTURBXy9hNDg0MzAzNjcxYWQyNGUwYmI5MDVkNzVmYjU1OGExOC5qcGeRkwXNAljNAVDeAAKhMAehMQQ
"""To było nasze ostatnie spotkanie"". Staszczyk wspomina Sojkę","https://www.onet.pl/kultura/onetkultura/tego-staszczyk-nie-zdazyl-powiedziec-sojce-symboliczna-klamra/pevq39q,681c1dfa",https://img.onet.pl/1/cl1k9lBaHR0cHM6Ly9vY2RuLmV1L3B1bHNjbXMvTURBXy83MTkwOGI4OTdhM2YxMzc4NDAyMjVmZWI0OTlkNWFiNi5wbmeSlQMAPM0HgM0DwJMFzL523gACoTAHoTEE
Znasz dawne zawody? W quizie czeka na ciebie 10 pytań,"https://www.onet.pl/informacje/yourrootsinpoland/zapomniane-zawody-znasz-je-quiz/78zeceq,30bc1058",https://img.onet.pl/1/8Sek9lBaHR0cHM6Ly9vY2RuLmV1L3B1bHNjbXMvTURBXy8xOGQ2OTA0ZGM5ZmQ4NTA1YzE1N2MyYTMxNDMzZWUxNi5wbmeTlQMAzOXNDazNB7CTBc0E2M0CNJUH2TIvcHVsc2Ntcy9NREFfLzI3NGMxZDY0NjcwODJjM2U2ZGZlOWQwOWY0YTZkZjZiLnBuZwDCAN4AAqEwB6ExBA
"""Dzień dobry"" czy ""dobry wieczór""? Odwieczny dylemat wreszcie zakończony","https://www.onet.pl/styl-zycia/ofeminin/do-ktorej-godziny-mowic-dzien-dobry-a-kiedy-dobry-wieczor-wyjasniamy/jm76lny,7765eaf2",https://img.onet.pl/1/oIzk9lBaHR0cHM6Ly9vY2RuLmV1L3B1bHNjbXMvTURBXy8xMTk0MTMwZTM4MGI4NmU2NzQwOTc4M2I5NWNhYTIwZS5qcGeSlQMAzQTJzRtCzQ9WkwXNAljNAVDeAAKhMAehMQQ
Wieże Bismarcka wciąż stoją w Polsce. Przypominają trudną historię,"https://www.onet.pl/informacje/deutsche-welle/wygladaja-jak-wieze-cisnien-albo-ruiny-fortow-opowiadaja-trudna-historie-europy/7ytym07,0666d3f1",https://img.onet.pl/1/tNjk9lGaHR0cHM6Ly9vY2RuLmV1L3B1bHNjbXMvTURBXy9hODc4YzA5OC0xMTIyLTRjNzMtYTJmOC1iZDBlZGE0ZjQ5NTIuanBlZ5GTBc0CWM0BUN4AAqEwB6ExBA
Reprezentant Polski skradł serce Włoszki. Pojawiła się na meczu z Rumunią,https://przegladsportowy.onet.pl/ofsajd/wloska-pieknosc-przyleciala-na-mecz-polakow-oto-dlaczego-kibicuje-bialo-czerwonym/ngfer5c,https://img.onet.pl/1/OxKk9lBaHR0cHM6Ly9vY2RuLmV1L3B1bHNjbXMvTURBXy8zNWE1MGVlZjZiYjczZGI4MmM5YmZkMmVmN2I0Y2ZiOS5wbmeSlQMAAM0HgM0EOJMFzQJYzQFQ3gACoTAHoTEE
"Tomczyk odpowiada prezydentowi. Podał, ilu sabotażystów jest w więzieniach",https://wiadomosci.onet.pl/kraj/wiceminister-obrony-odpowiada-na-slowa-prezydenta-podal-ilu-sabotazystow-jest-w/1qfwkhc,https://img.onet.pl/1/13Ck9lGaHR0cHM6Ly9vY2RuLmV1L3B1bHNjbXMvTURBXy8zYjMxNTZiOS0yOTMzLTRhYTQtOTI5Ny05YzcyNjY2MmE3OTMuanBlZ5KVAwDNAQHNE37NCv6TBc0CWM0BUN4AAqEwB6ExBA
Masz taki grzejnik? To on podbija rachunki za ogrzewanie,"https://www.onet.pl/styl-zycia/kbpl-2/masz-taki-grzejnik-to-on-podbija-rachunki-za-ogrzewanie/lx1dzeb,0666d3f1",https://img.onet.pl/1/HIMk9lCaHR0cHM6Ly9vY2RuLmV1L3B1bHNjbXMvTURBXy9kMGNiNTlhY2I3NGY3ZTY3M2RkMjBlZjM5ZDU0ODM4My5qcGVnkpUDAEHNCDTNBJ2TBc0CWM0BUN4AAqEwB6ExBA
"Wdała się w romans. Miałą dość ""grzecznego harcerzka""","https://www.onet.pl/styl-zycia/kobietaxl/zakochalam-sie-w-koledze-z-pracy-maz-nie-byl-zdziwiony/5c333wt,30bc1058",https://img.onet.pl/1/F2pk9lGaHR0cHM6Ly9vY2RuLmV1L3B1bHNjbXMvTURBXy80YmYxMjIzMy00MTczLTRkZjgtOGVlMi1lZjk2MDJmZmI0M2IuanBlZ5KVAwBAzQPozQIykwXNAljNAVDeAAKhMAehMQQ
"Marcin Miller zaśpiewał przebój Budki Suflera w ""TTBZ"". ""Ciary!""","https://www.onet.pl/styl-zycia/plejada/marcin-miller-jako-felicjan-andrzejczak-w-twoja-twarz-brzmi-znajomo-widzowie-nie/d6bgs8z,0898b825",https://img.onet.pl/1/tayk9lBaHR0cHM6Ly9vY2RuLmV1L3B1bHNjbXMvTURBXy9mNjU5ZTVmMmVjOTBmOTgxYTM1ZGRjZDUzNWNmZjkzMi5qcGeTlQPNA3hbzQTHzQKwkwXNBNjNAjSVB9kyL3B1bHNjbXMvTURBXy8yNzRjMWQ2NDY3MDgyYzNlNmRmZTlkMDlmNGE2ZGY2Yi5wbmcAwgDeAAKhMAehMQQ
"Andegawenów trawiła tajemnicza, wyniszczająca choroba. ""Jak klątwa""","https://www.onet.pl/styl-zycia/ciekawostkihistorycznepl/klatwa-andegawenow/gpr0t8x,30bc1058",https://img.onet.pl/1/YtKk9lBaHR0cHM6Ly9vY2RuLmV1L3B1bHNjbXMvTURBXy81MDdjNDAxYjVmMjUxOTk1YmM3OWRhZmI3MzM3YTVjZi5qcGeSlQMAJs0BQMy0kwXNAljNAVDeAAKhMAehMQQ
Scenariusz marzeń. Oto tabela LN po 6:0 w meczu Polska - Rumunia,https://przegladsportowy.onet.pl/pilka-nozna/reprezentacja-polski/scenariusz-marzen-oto-tabela-ln-po-60-w-meczu-polska-rumunia/9s6ftwv,https://img.onet.pl/1/Kzdk9lBaHR0cHM6Ly9vY2RuLmV1L3B1bHNjbXMvTURBXy9iMTBhODdjYjU1ZDJkNDg1ZWM1NGU4ZmRlNTg5OTA3MS5wbmeSlQMAAM0HgM0EOJMFzQJYzQFQ3gACoTAHoTEE
217-letnia zaszyfrowana wiadomość Napoleona złamana przez AI,"https://www.onet.pl/styl-zycia/onetfacet/217-letnia-zaszyfrowana-wiadomosc-napoleona-zlamana-przez-sztuczna-inteligencje/cr1tskg,86cd1308",https://img.onet.pl/1/cxCk9lBaHR0cHM6Ly9vY2RuLmV1L3B1bHNjbXMvTURBXy8yMWZmOTg0MWY3OGEyNTk1NjU4YjRlNzJhM2FmZDAxYS5wbmeSlQMAAM0HgM0EOJMFzQJYzQFQ3gACoTAHoTEE
Nowe szaty Kindle. Amazon odświeża swoje czytniki,https://www.komputerswiat.pl/inne/amazon-prezentuje-nowe-czytniki-kindle-paperwhite-i-colorsoft-2/mx2yc39,https://img.onet.pl/1/Rcok9lBaHR0cHM6Ly9vY2RuLmV1L3B1bHNjbXMvTURBXy84ZjJkNmQwNTU2YTRlZWRlYzdiMzU3YjJmNjc4MTcyNi5wbmeSlQPMlgDNBlTNBDiTBcy-dt4AAqEwB6ExBA
